Rk.,Team,Venue,Year,Park Factor,wOBACon,BACON,R,OBP,H,1B,2B,3B,HR,BB,SO,PA
1, Rockies,Coors Field,2019-2021,115,115,114,132,113,120,118,117,224,119,94,87,10232
2, Braves,Truist Park,2019-2021,106,107,107,112,105,107,104,117,94,107,102,99,11072
3, Reds,Great American Ball Park,2019-2021,105,109,105,110,102,102,99,96,44,134,103,106,10682
4, Red Sox,Fenway Park,2019-2021,104,105,106,108,105,104,98,139,103,86,108,101,11022
5, Phillies,Citizens Bank Park,2019-2021,104,104,102,108,103,104,104,89,117,121,99,96,10902
6, Angels,Angel Stadium,2019-2021,103,105,104,106,103,103,103,96,89,112,104,101,10119
7, Orioles,Oriole Park at Camden Yards,2019-2021,103,100,98,106,101,101,98,95,99,119,97,92,9910
8, Nationals,Nationals Park,2019-2021,103,103,102,106,102,103,100,109,90,110,101,98,10729
9, Royals,Kauffman Stadium,2019-2021,102,99,103,104,103,109,114,119,129,77,89,88,10097
10, D-backs,Chase Field,2019-2021,101,102,102,102,101,102,102,104,161,92,100,100,10602
11, Pirates,PNC Park,2019-2021,100,97,98,100,101,99,94,130,101,82,104,94,10313
12, Astros,Minute Maid Park,2019-2021,100,102,101,100,99,100,101,91,91,112,98,105,10647
13, Indians,Progressive Field,2019-2021,99,101,101,98,98,98,94,111,80,100,100,106,10462
14, Dodgers,Dodger Stadium,2019-2021,99,101,99,98,97,101,102,92,41,119,88,102,10482
15, Brewers,American Family Field,2019-2021,99,100,100,98,98,96,97,89,94,105,100,107,11298
16, Tigers,Comerica Park,2019-2021,99,97,98,98,98,100,99,96,258,91,97,96,9690
17, White Sox,Guaranteed Rate Field,2019-2021,98,98,96,96,98,94,95,82,30,118,104,102,9992
18, Marlins,loanDepot park,2019-2021,98,98,100,96,99,101,103,105,134,83,98,99,10560
19, Cubs,Wrigley Field,2019-2021,97,96,96,94,99,95,95,93,173,88,110,102,10747
20, Cardinals,Busch Stadium,2019-2021,97,93,94,94,99,98,103,89,126,88,100,90,9845
21, Yankees,Yankee Stadium,2019-2021,97,97,98,94,98,97,101,82,66,101,99,102,9973
22, Rays,Tropicana Field,2019-2021,96,98,99,92,96,98,96,108,132,90,92,106,11141
23, Mets,Citi Field,2019-2021,96,98,96,92,96,93,94,88,55,105,100,108,10299
24, Twins,Target Field,2019-2021,96,95,96,92,97,97,98,105,102,83,103,100,10790
25, Mariners,T-Mobile Park,2019-2021,95,96,96,90,96,94,97,88,39,99,101,108,10031
26, Athletics,Oakland Coliseum,2019-2021,94,93,95,88,96,95,97,106,88,80,98,98,10329
27, Padres,Petco Park,2019-2021,94,93,94,88,96,92,93,88,56,97,106,103,11453
28, Giants,Oracle Park,2019-2021,92,93,96,85,95,94,99,90,128,73,97,107,10994
1, Rockies,Coors Field,2018-2020,115,116,115,132,112,119,114,127,201,117,94,91,15559
2, Nationals,Nationals Park,2018-2020,105,105,104,110,104,105,102,109,79,114,103,96,17671
3, Red Sox,Fenway Park,2018-2020,105,106,105,110,104,104,97,138,116,95,102,100,16074
4, Yankees,Yankee Stadium,2018-2020,103,102,102,106,103,103,105,92,79,110,104,97,15994
5, Phillies,Citizens Bank Park,2018-2020,103,104,102,106,101,101,99,94,115,121,98,102,16692
6, Reds,Great American Ball Park,2018-2020,103,107,103,106,100,100,94,95,73,135,105,110,16512
7, Orioles,Oriole Park at Camden Yards,2018-2020,103,101,99,106,101,103,102,93,88,125,96,91,15609
8, Braves,Truist Park,2018-2020,102,102,103,104,103,103,105,106,86,95,101,98,17005
9, Indians,Progressive Field,2018-2020,102,103,104,104,102,102,102,109,73,97,99,104,16689
10, D-backs,Chase Field,2018-2020,101,101,101,102,101,100,100,98,195,95,101,99,16988
11, Royals,Kauffman Stadium,2018-2020,101,98,101,102,103,106,109,113,121,81,97,89,15281
12, Angels,Angel Stadium,2018-2020,101,100,99,102,100,98,96,96,71,112,103,99,15360
13, Twins,Target Field,2018-2020,99,98,100,98,101,100,101,110,97,87,106,100,16591
14, Tigers,Comerica Park,2018-2020,99,97,98,98,99,100,101,97,204,89,95,94,15105
15, Astros,Minute Maid Park,2018-2020,99,101,100,98,98,99,100,90,93,108,100,106,16411
16, Brewers,American Family Field,2018-2020,99,101,100,98,99,96,95,91,96,106,104,110,17346
17, Pirates,PNC Park,2018-2020,99,97,98,98,100,98,95,121,89,84,105,97,16262
18, Cubs,Wrigley Field,2018-2020,99,98,99,98,100,98,99,97,132,92,106,101,15791
19, Dodgers,Dodger Stadium,2018-2020,98,100,99,96,96,100,99,97,38,114,88,103,16741
20, White Sox,Guaranteed Rate Field,2018-2020,98,99,99,96,98,97,99,85,54,111,100,105,15666
21, Padres,Petco Park,2018-2020,97,95,96,94,98,95,95,96,74,95,109,100,16515
22, Rays,Tropicana Field,2018-2020,97,98,98,94,97,96,96,99,131,90,99,105,16714
23, Cardinals,Busch Stadium,2018-2020,96,92,94,92,97,98,105,87,96,87,95,90,15419
24, Mets,Citi Field,2018-2020,95,96,95,90,95,93,93,84,66,107,98,109,16274
25, Mariners,T-Mobile Park,2018-2020,95,96,97,90,95,94,98,85,67,98,95,108,16415
26, Giants,Oracle Park,2018-2020,95,95,98,90,97,97,100,98,147,74,98,103,16424
27, Marlins,loanDepot park,2018-2020,94,93,96,88,97,97,102,100,96,72,98,98,16093
28, Athletics,Oakland Coliseum,2018-2020,94,92,94,88,95,94,95,106,87,80,98,100,15634
1, Rockies,Coors Field,2018-2020,115,116,115,132,112,119,114,127,201,117,94,91,15559
2, Nationals,Nationals Park,2018-2020,105,105,104,110,104,105,102,109,79,114,103,96,17671
3, Red Sox,Fenway Park,2018-2020,105,106,105,110,104,104,97,138,116,95,102,100,16074
4, Yankees,Yankee Stadium,2018-2020,103,102,102,106,103,103,105,92,79,110,104,97,15994
5, Phillies,Citizens Bank Park,2018-2020,103,104,102,106,101,101,99,94,115,121,98,102,16692
6, Reds,Great American Ball Park,2018-2020,103,107,103,106,100,100,94,95,73,135,105,110,16512
7, Orioles,Oriole Park at Camden Yards,2018-2020,103,101,99,106,101,103,102,93,88,125,96,91,15609
8, Braves,Truist Park,2018-2020,102,102,103,104,103,103,105,106,86,95,101,98,17005
9, Indians,Progressive Field,2018-2020,102,103,104,104,102,102,102,109,73,97,99,104,16689
10, D-backs,Chase Field,2018-2020,101,101,101,102,101,100,100,98,195,95,101,99,16988
11, Royals,Kauffman Stadium,2018-2020,101,98,101,102,103,106,109,113,121,81,97,89,15281
12, Angels,Angel Stadium,2018-2020,101,100,99,102,100,98,96,96,71,112,103,99,15360
13, Twins,Target Field,2018-2020,99,98,100,98,101,100,101,110,97,87,106,100,16591
14, Tigers,Comerica Park,2018-2020,99,97,98,98,99,100,101,97,204,89,95,94,15105
15, Astros,Minute Maid Park,2018-2020,99,101,100,98,98,99,100,90,93,108,100,106,16411
16, Brewers,American Family Field,2018-2020,99,101,100,98,99,96,95,91,96,106,104,110,17346
17, Pirates,PNC Park,2018-2020,99,97,98,98,100,98,95,121,89,84,105,97,16262
18, Cubs,Wrigley Field,2018-2020,99,98,99,98,100,98,99,97,132,92,106,101,15791
19, Dodgers,Dodger Stadium,2018-2020,98,100,99,96,96,100,99,97,38,114,88,103,16741
20, White Sox,Guaranteed Rate Field,2018-2020,98,99,99,96,98,97,99,85,54,111,100,105,15666
21, Padres,Petco Park,2018-2020,97,95,96,94,98,95,95,96,74,95,109,100,16515
22, Rays,Tropicana Field,2018-2020,97,98,98,94,97,96,96,99,131,90,99,105,16714
23, Cardinals,Busch Stadium,2018-2020,96,92,94,92,97,98,105,87,96,87,95,90,15419
24, Mets,Citi Field,2018-2020,95,96,95,90,95,93,93,84,66,107,98,109,16274
25, Mariners,T-Mobile Park,2018-2020,95,96,97,90,95,94,98,85,67,98,95,108,16415
26, Giants,Oracle Park,2018-2020,95,95,98,90,97,97,100,98,147,74,98,103,16424
27, Marlins,loanDepot park,2018-2020,94,93,96,88,97,97,102,100,96,72,98,98,16093
28, Athletics,Oakland Coliseum,2018-2020,94,92,94,88,95,94,95,106,87,80,98,100,15634
1, Rockies,Coors Field,2017-2019,115,115,113,132,112,117,112,127,206,116,100,90,20277
2, Rangers,Globe Life Park in Arlington,2017-2019,109,107,106,119,108,109,108,108,131,112,106,90,22493
3, Nationals,Nationals Park,2017-2019,105,106,105,110,104,106,105,108,73,113,101,97,22714
4, Orioles,Oriole Park at Camden Yards,2017-2019,105,103,101,110,103,104,103,98,84,124,101,90,21635
5, Tigers,Comerica Park,2017-2019,103,100,101,106,102,105,106,100,155,100,96,90,20571
6, D-backs,Chase Field,2017-2019,103,104,102,106,101,102,98,109,173,104,98,100,21967
7, Yankees,Yankee Stadium,2017-2019,102,102,102,104,102,101,102,89,73,110,105,102,22477
8, Twins,Target Field,2017-2019,102,102,102,104,102,102,102,109,102,96,103,100,21944
9, Phillies,Citizens Bank Park,2017-2019,102,104,102,104,100,100,97,95,102,120,101,104,21192
10, Reds,Great American Ball Park,2017-2019,102,105,102,104,100,99,94,99,92,121,106,110,20733
11, Red Sox,Fenway Park,2017-2019,102,103,104,104,103,104,102,125,103,85,99,101,20710
12, Braves,Truist Park,2017-2019,101,100,101,102,101,103,104,106,84,93,97,97,21438
13, Brewers,American Family Field,2017-2019,101,103,102,102,100,98,94,101,94,108,106,108,22114
14, Cubs,Wrigley Field,2017-2019,101,101,101,102,102,100,100,101,127,95,107,101,21640
15, Pirates,PNC Park,2017-2019,100,97,98,100,101,101,100,115,86,85,102,92,21481
16, Blue Jays,Rogers Centre,2017-2019,100,101,99,100,98,99,94,106,87,110,96,103,22640
17, Royals,Kauffman Stadium,2017-2019,100,96,98,100,101,102,104,107,131,81,101,90,21282
18, Indians,Progressive Field,2017-2019,100,101,102,100,100,100,102,105,64,95,96,104,21495
19, Astros,Minute Maid Park,2017-2019,99,101,99,98,98,98,97,90,76,113,99,105,23181
20, White Sox,Guaranteed Rate Field,2017-2019,98,100,99,96,98,96,97,89,68,109,100,106,20901
21, Dodgers,Dodger Stadium,2017-2019,97,99,98,94,96,98,97,99,42,107,89,104,21552
22, Angels,Angel Stadium,2017-2019,97,97,96,94,96,96,96,92,70,104,95,102,21148
23, Cardinals,Busch Stadium,2017-2019,96,93,95,92,97,98,103,88,94,88,95,95,21203
24, Athletics,Oakland Coliseum,2017-2019,96,95,96,92,97,96,95,105,112,89,98,99,21916
25, Mets,Citi Field,2017-2019,95,95,95,90,96,93,95,85,75,99,99,106,21626
26, Mariners,T-Mobile Park,2017-2019,95,97,97,90,95,95,98,85,76,98,98,109,22829
27, Padres,Petco Park,2017-2019,95,94,95,90,97,94,96,93,91,88,107,101,20438
28, Rays,Tropicana Field,2017-2019,95,96,96,90,96,94,97,87,106,92,100,107,22945
29, Giants,Oracle Park,2017-2019,93,93,97,86,96,97,102,96,131,68,92,102,21261
30, Marlins,loanDepot park,2017-2019,93,91,95,86,97,95,102,87,106,74,102,99,20980
1, Rockies,Coors Field,2016-2018,115,115,113,132,112,117,110,130,177,119,102,90,19982
2, Rangers,Globe Life Park in Arlington,2016-2018,110,108,107,121,109,110,107,110,135,117,105,89,21617
3, D-backs,Chase Field,2016-2018,105,106,104,110,103,105,99,112,178,111,101,99,20972
4, Red Sox,Fenway Park,2016-2018,105,105,107,110,105,108,106,126,118,91,96,98,21351
5, Nationals,Nationals Park,2016-2018,104,104,104,108,103,105,106,106,74,108,97,97,19989
6, Indians,Progressive Field,2016-2018,104,104,104,108,104,104,104,109,64,103,104,99,20741
7, Yankees,Yankee Stadium,2016-2018,103,104,102,106,102,101,101,91,69,121,106,102,22172
8, Twins,Target Field,2016-2018,103,103,103,106,103,105,105,110,108,99,100,95,21285
9, Tigers,Comerica Park,2016-2018,103,100,100,106,102,104,103,101,153,104,96,90,20354
10, Orioles,Oriole Park at Camden Yards,2016-2018,103,100,99,106,102,101,102,91,62,116,104,93,20607
11, Reds,Great American Ball Park,2016-2018,101,103,100,102,99,98,93,97,109,122,106,107,19750
12, Pirates,PNC Park,2016-2018,101,98,101,102,103,103,107,108,95,83,99,91,20563
13, Blue Jays,Rogers Centre,2016-2018,101,102,101,102,100,101,95,117,94,102,97,102,22005
14, Brewers,American Family Field,2016-2018,100,102,100,100,99,98,94,103,94,109,104,106,21165
15, Cubs,Wrigley Field,2016-2018,100,99,99,100,102,97,98,98,122,94,111,101,22317
16, Royals,Kauffman Stadium,2016-2018,100,98,100,100,102,103,105,107,131,83,101,92,21411
17, Phillies,Citizens Bank Park,2016-2018,99,102,100,98,98,98,96,93,94,114,99,108,18809
18, White Sox,Guaranteed Rate Field,2016-2018,98,100,99,96,98,97,98,91,87,108,97,104,21276
19, Giants,Oracle Park,2016-2018,97,96,99,94,99,100,104,105,137,69,98,98,20300
20, Padres,Petco Park,2016-2018,96,96,97,92,97,96,97,99,90,90,101,102,21076
21, Cardinals,Busch Stadium,2016-2018,96,94,96,92,97,98,103,91,75,88,93,96,20529
22, Dodgers,Dodger Stadium,2016-2018,96,98,98,92,96,96,96,99,40,101,92,105,21347
23, Mariners,T-Mobile Park,2016-2018,95,98,97,90,95,95,96,87,71,102,96,110,22046
24, Rays,Tropicana Field,2016-2018,95,96,97,90,96,94,98,82,98,95,101,110,21971
25, Athletics,Oakland Coliseum,2016-2018,95,94,96,90,96,97,97,108,110,83,94,98,21545
26, Angels,Angel Stadium,2016-2018,95,95,95,90,95,94,96,88,57,99,94,102,21159
27, Astros,Minute Maid Park,2016-2018,94,96,96,88,94,94,94,92,100,97,96,108,21799
28, Mets,Citi Field,2016-2018,93,93,94,86,95,91,94,81,67,93,103,106,19631
29, Marlins,loanDepot park,2016-2018,93,91,93,86,96,93,98,87,92,76,103,98,20051
1, Rockies,Coors Field,2015-2017,115,114,113,132,113,118,116,120,165,115,103,87,20106
2, D-backs,Chase Field,2015-2017,108,109,107,117,105,108,101,122,167,112,100,100,21994
3, Rangers,Globe Life Park in Arlington,2015-2017,108,105,105,117,108,107,107,107,110,108,108,89,21615
4, Indians,Progressive Field,2015-2017,105,106,106,110,106,106,106,119,56,101,108,99,20481
5, Red Sox,Fenway Park,2015-2017,105,106,107,110,105,109,108,123,111,91,94,98,21435
6, Orioles,Oriole Park at Camden Yards,2015-2017,104,103,101,108,103,103,103,91,62,123,103,94,20849
7, Twins,Target Field,2015-2017,103,102,102,106,102,105,106,105,104,100,95,93,20675
8, Tigers,Comerica Park,2015-2017,102,100,100,104,101,103,102,100,174,101,96,92,20628
9, Yankees,Yankee Stadium,2015-2017,101,102,99,102,99,98,95,89,61,128,105,103,21307
10, Nationals,Nationals Park,2015-2017,101,102,102,102,101,103,104,101,68,104,97,99,20714
11, Reds,Great American Ball Park,2015-2017,101,101,99,102,100,99,96,98,71,115,104,103,20160
12, Brewers,American Family Field,2015-2017,100,102,100,100,99,98,94,104,107,111,104,105,21217
13, Cubs,Wrigley Field,2015-2017,100,99,98,100,100,96,95,94,122,100,108,101,22511
14, Blue Jays,Rogers Centre,2015-2017,100,100,98,100,99,99,94,115,84,103,99,99,21871
15, Royals,Kauffman Stadium,2015-2017,100,98,100,100,101,103,103,115,134,82,98,92,21326
16, Phillies,Citizens Bank Park,2015-2017,99,101,100,98,99,98,98,90,86,114,101,106,19204
17, Pirates,PNC Park,2015-2017,99,97,99,98,100,100,104,96,100,87,98,96,20918
18, White Sox,Guaranteed Rate Field,2015-2017,99,99,98,98,99,96,94,90,87,112,106,102,21612
19, Cardinals,Busch Stadium,2015-2017,98,96,98,96,99,100,105,97,86,87,95,94,20356
20, Padres,Petco Park,2015-2017,97,99,99,94,98,98,99,97,101,92,98,105,22005
21, Athletics,Oakland Coliseum,2015-2017,97,95,96,94,97,98,99,103,132,87,95,96,21587
22, Mariners,T-Mobile Park,2015-2017,96,97,97,92,96,95,97,90,69,98,99,108,22475
23, Giants,Oracle Park,2015-2017,96,95,98,92,99,99,103,98,153,66,100,99,20429
24, Dodgers,Dodger Stadium,2015-2017,96,97,98,92,96,96,97,98,51,100,91,105,21202
25, Astros,Minute Maid Park,2015-2017,95,97,96,90,94,95,93,95,109,99,95,109,21660
26, Marlins,loanDepot park,2015-2017,95,93,95,90,97,95,100,91,106,77,104,98,19493
27, Rays,Tropicana Field,2015-2017,95,97,98,90,95,94,97,86,89,96,97,112,21289
28, Angels,Angel Stadium,2015-2017,95,95,96,90,95,95,97,89,64,94,92,105,21439
29, Mets,Citi Field,2015-2017,94,93,94,88,95,92,93,88,59,97,104,103,20240
1, Rockies,Coors Field,2014-2016,119,116,115,142,116,121,118,124,168,127,101,82,20799
2, D-backs,Chase Field,2014-2016,107,108,106,114,104,107,102,114,183,112,97,99,22566
3, Red Sox,Fenway Park,2014-2016,106,107,107,112,106,108,104,133,109,91,101,98,22885
4, Indians,Progressive Field,2014-2016,105,105,105,110,105,105,103,121,56,106,106,98,20714
5, Rangers,Globe Life Park in Arlington,2014-2016,104,102,103,108,105,105,107,99,149,100,103,91,21583
6, Twins,Target Field,2014-2016,103,101,102,106,103,104,106,103,98,99,96,91,20594
7, Tigers,Comerica Park,2014-2016,102,99,99,104,101,102,102,94,195,96,101,91,22045
8, Orioles,Oriole Park at Camden Yards,2014-2016,102,101,100,104,101,102,102,93,70,114,100,95,20866
9, Yankees,Yankee Stadium,2014-2016,101,102,99,102,99,98,97,88,51,134,101,104,21446
10, Brewers,American Family Field,2014-2016,101,102,100,102,99,99,97,95,90,121,102,103,21405
11, Blue Jays,Rogers Centre,2014-2016,101,102,100,102,99,99,93,113,96,112,99,102,22781
12, Reds,Great American Ball Park,2014-2016,100,101,99,100,99,98,97,96,65,114,104,105,20258
13, Pirates,PNC Park,2014-2016,100,98,99,100,101,100,103,98,110,85,102,95,22083
14, Royals,Kauffman Stadium,2014-2016,100,99,101,100,101,104,104,113,129,82,95,95,22225
15, Nationals,Nationals Park,2014-2016,99,99,100,98,99,100,102,99,64,98,100,100,21254
16, Cardinals,Busch Stadium,2014-2016,99,97,98,98,100,101,103,99,93,91,96,92,20852
17, Cubs,Wrigley Field,2014-2016,99,99,98,98,99,96,94,98,115,99,107,103,22692
18, White Sox,Guaranteed Rate Field,2014-2016,99,100,99,98,99,97,96,94,91,108,105,106,21540
19, Phillies,Citizens Bank Park,2014-2016,98,100,99,96,98,96,97,90,81,110,100,108,21519
20, Astros,Minute Maid Park,2014-2016,98,100,99,96,97,97,95,99,133,102,95,107,21527
21, Giants,Oracle Park,2014-2016,97,97,99,94,100,99,104,96,169,67,104,101,21074
22, Dodgers,Dodger Stadium,2014-2016,97,99,98,94,96,96,94,103,47,108,92,106,22370
23, Mariners,T-Mobile Park,2014-2016,96,97,97,92,96,94,96,87,60,103,98,108,21806
24, Padres,Petco Park,2014-2016,96,98,98,92,96,96,96,97,94,95,97,105,23025
25, Marlins,loanDepot park,2014-2016,96,94,96,92,97,98,99,101,134,77,100,96,21168
26, Braves,Turner Field,2014-2016,96,97,99,92,99,95,100,89,71,80,108,108,23112
27, Athletics,Oakland Coliseum,2014-2016,96,94,95,92,97,98,101,98,112,82,95,92,22895
28, Mets,Citi Field,2014-2016,95,95,94,90,96,92,91,91,54,108,105,105,21135
29, Angels,Angel Stadium,2014-2016,95,96,97,90,96,96,100,90,60,90,94,106,21103
30, Rays,Tropicana Field,2014-2016,94,96,97,88,95,94,98,88,72,91,98,109,21734
1, Rockies,Coors Field,2013-2015,116,113,112,135,113,119,117,114,189,126,98,82,21288
2, Tigers,Comerica Park,2013-2015,104,101,101,108,104,104,104,102,189,95,104,90,22963
3, Red Sox,Fenway Park,2013-2015,104,105,106,108,104,105,100,130,119,86,101,101,23448
4, Brewers,American Family Field,2013-2015,103,104,102,106,102,102,100,96,85,126,103,100,20290
5, D-backs,Chase Field,2013-2015,103,103,102,106,102,102,98,111,158,101,100,98,21488
6, Orioles,Oriole Park at Camden Yards,2013-2015,103,102,100,106,101,102,102,93,71,122,98,96,20829
7, Yankees,Yankee Stadium,2013-2015,102,103,101,104,101,99,98,93,53,126,102,105,22604
8, Twins,Target Field,2013-2015,102,100,102,104,102,104,106,105,94,94,96,92,20476
9, Cubs,Wrigley Field,2013-2015,102,104,102,104,101,100,98,103,107,108,103,104,22173
10, Rangers,Globe Life Park in Arlington,2013-2015,102,100,102,104,103,102,106,95,114,95,106,95,22133
11, Nationals,Nationals Park,2013-2015,101,101,104,102,102,105,109,106,51,88,98,97,20281
12, Phillies,Citizens Bank Park,2013-2015,101,102,101,102,100,98,95,96,84,120,102,105,20956
13, Blue Jays,Rogers Centre,2013-2015,101,102,99,102,99,98,89,119,81,116,100,105,22084
14, Indians,Progressive Field,2013-2015,101,103,103,102,101,102,101,113,61,101,99,103,20506
15, Astros,Minute Maid Park,2013-2015,100,102,100,100,99,98,95,95,140,114,102,105,21996
16, Reds,Great American Ball Park,2013-2015,100,102,100,100,99,97,95,98,66,119,103,110,19993
17, Royals,Kauffman Stadium,2013-2015,99,98,99,98,100,102,102,108,134,82,95,93,22579
18, White Sox,Guaranteed Rate Field,2013-2015,99,99,99,98,99,96,97,87,71,111,114,105,20881
19, Marlins,loanDepot park,2013-2015,98,96,97,96,99,100,101,101,164,73,101,95,21198
20, Cardinals,Busch Stadium,2013-2015,98,96,97,96,99,100,102,100,101,87,97,92,21659
21, Dodgers,Dodger Stadium,2013-2015,98,99,98,96,96,98,96,102,57,113,88,103,21992
22, Mariners,T-Mobile Park,2013-2015,96,98,99,92,97,97,100,93,59,99,95,106,21188
23, Padres,Petco Park,2013-2015,96,97,97,92,97,94,94,90,114,96,103,105,22288
24, Pirates,PNC Park,2013-2015,96,94,96,92,98,99,104,92,74,80,94,95,21246
25, Braves,Turner Field,2013-2015,96,98,99,92,98,96,99,91,69,86,107,110,22441
26, Athletics,Oakland Coliseum,2013-2015,96,95,95,92,97,97,97,100,109,86,99,95,23275
27, Angels,Angel Stadium,2013-2015,96,97,99,92,97,98,102,92,80,88,95,106,21438
28, Mets,Citi Field,2013-2015,95,95,94,90,95,93,91,94,71,104,101,104,20524
29, Giants,Oracle Park,2013-2015,95,95,97,90,97,97,99,95,185,68,102,101,19954
30, Rays,Tropicana Field,2013-2015,95,96,96,90,96,96,99,87,91,95,97,106,21933
1, Rockies,Coors Field,2012-2014,117,114,112,137,114,118,116,116,185,128,99,82,21057
2, Red Sox,Fenway Park,2012-2014,105,105,106,110,104,105,100,136,117,88,103,99,23356
3, Orioles,Oriole Park at Camden Yards,2012-2014,104,104,102,108,103,103,103,98,69,121,102,97,21874
4, Tigers,Comerica Park,2012-2014,103,101,101,106,103,104,105,97,174,102,99,90,22138
5, Brewers,American Family Field,2012-2014,103,104,102,106,102,101,99,92,96,128,106,103,20431
6, D-backs,Chase Field,2012-2014,103,103,101,106,101,103,98,109,150,110,97,97,21519
7, Blue Jays,Rogers Centre,2012-2014,103,106,102,106,101,101,92,120,81,121,99,106,21837
8, White Sox,Guaranteed Rate Field,2012-2014,103,103,102,106,103,99,98,91,73,121,117,103,20565
9, Twins,Target Field,2012-2014,102,102,102,104,103,105,105,109,117,91,99,94,21148
10, Reds,Great American Ball Park,2012-2014,102,104,101,104,99,98,94,93,102,138,104,109,19170
11, Rangers,Globe Life Park in Arlington,2012-2014,102,102,103,104,102,103,105,94,115,103,99,98,21662
12, Yankees,Yankee Stadium,2012-2014,101,102,100,102,99,98,95,94,55,126,102,106,22760
13, Cubs,Wrigley Field,2012-2014,101,101,101,102,101,100,98,105,97,98,104,102,21615
14, Nationals,Nationals Park,2012-2014,100,100,103,100,102,105,111,101,68,84,94,95,20621
15, Phillies,Citizens Bank Park,2012-2014,100,102,99,100,99,96,92,99,92,123,106,106,20680
16, Astros,Minute Maid Park,2012-2014,100,100,100,100,100,97,97,93,108,105,103,104,22104
17, Royals,Kauffman Stadium,2012-2014,100,97,99,100,100,102,105,100,117,85,96,91,21351
18, Cardinals,Busch Stadium,2012-2014,99,98,99,98,100,101,101,106,97,90,97,96,21301
19, Dodgers,Dodger Stadium,2012-2014,98,99,99,96,97,98,98,96,49,114,93,103,21792
20, Braves,Turner Field,2012-2014,98,101,102,96,99,99,101,97,81,90,104,110,21293
21, Indians,Progressive Field,2012-2014,98,99,99,96,97,99,99,105,49,101,93,103,21522
22, Giants,Oracle Park,2012-2014,96,94,97,92,98,97,99,99,144,66,103,100,20784
23, Marlins,loanDepot park,2012-2014,96,94,96,92,98,98,101,98,162,68,103,96,22224
24, Rays,Tropicana Field,2012-2014,96,95,96,92,97,94,96,90,105,92,101,105,21491
25, Angels,Angel Stadium,2012-2014,96,96,98,92,97,98,102,93,93,84,92,104,22243
26, Mets,Citi Field,2012-2014,95,96,95,90,95,93,93,90,74,104,99,105,20873
27, Athletics,Oakland Coliseum,2012-2014,95,94,95,90,97,96,97,97,94,87,100,97,22303
28, Padres,Petco Park,2012-2014,94,94,96,88,96,93,96,90,127,78,106,106,20154
29, Mariners,T-Mobile Park,2012-2014,93,93,95,86,95,94,98,89,58,89,98,104,20859
30, Pirates,PNC Park,2012-2014,93,91,95,86,96,97,103,96,77,70,88,94,21324
1, Rockies,Coors Field,2011-2013,113,112,110,128,111,114,111,114,177,124,99,86,21844
2, Rangers,Globe Life Park in Arlington,2011-2013,107,108,107,114,106,108,107,104,115,118,99,96,21893
3, Brewers,American Family Field,2011-2013,105,107,104,110,103,102,98,100,128,128,109,104,20605
4, D-backs,Chase Field,2011-2013,105,105,103,110,103,104,99,114,146,112,96,97,21720
5, Orioles,Oriole Park at Camden Yards,2011-2013,105,105,102,110,102,103,99,104,64,127,102,99,21433
6, Blue Jays,Rogers Centre,2011-2013,104,105,102,108,101,102,94,121,86,116,100,102,22424
7, Red Sox,Fenway Park,2011-2013,104,106,107,108,104,106,102,128,118,91,95,102,23169
8, Reds,Great American Ball Park,2011-2013,103,106,102,106,100,101,98,93,93,137,100,106,20043
9, Yankees,Yankee Stadium,2011-2013,102,103,101,104,101,100,98,97,65,118,105,104,21864
10, Tigers,Comerica Park,2011-2013,102,101,101,104,102,105,105,100,183,98,94,90,21488
11, White Sox,Guaranteed Rate Field,2011-2013,102,102,100,104,102,98,98,87,65,122,120,102,20193
12, Astros,Minute Maid Park,2011-2013,101,102,101,102,101,99,96,101,111,108,105,104,21237
13, Cubs,Wrigley Field,2011-2013,101,100,100,102,101,100,99,99,106,103,104,99,22095
14, Royals,Kauffman Stadium,2011-2013,101,98,99,102,102,102,104,100,127,85,101,89,20986
15, Twins,Target Field,2011-2013,100,100,101,100,101,102,104,102,105,90,99,96,20891
16, Nationals,Nationals Park,2011-2013,100,99,101,100,100,106,110,102,92,91,86,92,19773
17, Phillies,Citizens Bank Park,2011-2013,100,101,99,100,99,97,93,101,98,111,106,105,19652
18, Dodgers,Dodger Stadium,2011-2013,98,98,99,96,98,99,102,91,61,98,97,102,21717
19, Braves,Turner Field,2011-2013,98,100,101,96,99,99,101,99,89,88,105,108,19906
20, Cardinals,Busch Stadium,2011-2013,97,96,97,94,99,98,101,97,80,85,100,97,21363
21, Mets,Citi Field,2011-2013,96,96,96,92,96,95,96,89,106,94,100,106,20483
22, Indians,Progressive Field,2011-2013,96,97,97,92,96,99,99,102,48,100,92,103,21481
23, Angels,Angel Stadium,2011-2013,96,96,98,92,97,97,101,93,89,84,96,103,21667
24, Rays,Tropicana Field,2011-2013,95,95,95,90,95,94,94,90,112,94,97,105,21212
25, Athletics,Oakland Coliseum,2011-2013,95,94,95,90,97,96,98,97,89,83,102,98,22137
26, Giants,Oracle Park,2011-2013,94,93,96,88,97,96,98,100,120,65,101,101,20582
27, Mariners,T-Mobile Park,2011-2013,93,93,94,86,94,92,95,89,65,85,100,107,21175
28, Padres,Petco Park,2011-2013,92,92,93,85,94,91,93,88,131,76,104,108,20316
29, Pirates,PNC Park,2011-2013,92,91,94,85,95,97,104,94,81,69,86,94,21366
1, Rockies,Coors Field,2010-2012,115,114,112,132,111,116,111,117,164,131,98,89,21637
2, Rangers,Globe Life Park in Arlington,2010-2012,108,108,106,117,105,107,103,109,114,122,99,94,22188
3, D-backs,Chase Field,2010-2012,106,108,106,112,103,106,101,114,164,113,95,103,22232
4, Red Sox,Fenway Park,2010-2012,105,106,107,110,105,108,105,132,88,91,97,100,21814
5, Reds,Great American Ball Park,2010-2012,104,106,103,108,102,103,103,91,100,131,99,102,20675
6, Brewers,American Family Field,2010-2012,104,106,103,108,102,101,96,104,113,127,105,106,21187
7, White Sox,Guaranteed Rate Field,2010-2012,104,105,102,108,103,99,96,98,78,129,118,103,20386
8, Orioles,Oriole Park at Camden Yards,2010-2012,104,104,102,108,102,103,102,102,58,121,97,97,22185
9, Yankees,Yankee Stadium,2010-2012,103,104,101,106,101,100,97,97,62,129,103,102,21997
10, Blue Jays,Rogers Centre,2010-2012,103,105,102,106,100,102,96,110,129,118,95,102,21863
11, Cubs,Wrigley Field,2010-2012,102,101,101,104,102,100,100,96,119,101,109,100,21922
12, Royals,Kauffman Stadium,2010-2012,102,100,101,104,102,103,105,101,144,88,99,90,21552
13, Tigers,Comerica Park,2010-2012,101,99,100,102,100,103,105,96,148,96,92,91,21406
14, Twins,Target Field,2010-2012,100,98,100,100,101,102,104,103,117,83,104,94,20514
15, Phillies,Citizens Bank Park,2010-2012,100,100,98,100,99,97,96,98,86,109,107,103,20198
16, Astros,Minute Maid Park,2010-2012,100,101,100,100,99,97,94,105,103,105,102,105,20593
17, Nationals,Nationals Park,2010-2012,99,99,99,98,99,103,104,103,97,98,89,94,20571
18, Cardinals,Busch Stadium,2010-2012,98,96,98,96,100,99,102,97,80,84,105,96,21629
19, Braves,Turner Field,2010-2012,98,100,101,96,99,98,100,97,93,89,102,108,19434
20, Mets,Citi Field,2010-2012,97,96,97,94,98,96,99,91,110,85,104,101,19684
21, Dodgers,Dodger Stadium,2010-2012,97,97,99,94,99,98,101,93,57,92,103,103,21612
22, Indians,Progressive Field,2010-2012,97,97,97,94,97,98,98,104,61,99,94,100,20466
23, Giants,Oracle Park,2010-2012,95,95,98,90,97,97,101,100,98,70,97,103,21362
24, Pirates,PNC Park,2010-2012,95,92,95,90,97,98,101,102,93,72,89,90,20957
25, Athletics,Oakland Coliseum,2010-2012,95,94,95,90,96,95,98,91,91,86,100,101,21829
26, Rays,Tropicana Field,2010-2012,93,93,93,86,94,93,94,88,110,89,96,104,20698
27, Angels,Angel Stadium,2010-2012,93,92,94,86,94,94,99,89,63,81,92,103,20623
28, Padres,Petco Park,2010-2012,92,92,93,85,94,90,92,87,123,76,108,111,21738
29, Mariners,T-Mobile Park,2010-2012,90,90,92,81,93,90,95,85,62,77,104,108,20706
1, Rockies,Coors Field,2009-2011,112,111,110,125,109,114,111,115,152,124,98,88,20439
2, Rangers,Globe Life Park in Arlington,2009-2011,107,106,103,114,105,105,99,109,130,123,104,90,22184
3, Red Sox,Fenway Park,2009-2011,106,107,107,112,105,108,104,131,92,95,97,99,21875
4, Yankees,Yankee Stadium,2009-2011,104,104,101,108,102,101,100,92,67,134,104,99,22278
5, D-backs,Chase Field,2009-2011,104,106,104,108,102,105,100,116,158,106,94,99,22788
6, Royals,Kauffman Stadium,2009-2011,103,101,103,106,104,106,108,107,170,79,100,90,21045
7, Reds,Great American Ball Park,2009-2011,102,103,102,104,100,100,99,94,92,119,101,105,20213
8, Brewers,American Family Field,2009-2011,102,104,102,104,101,101,96,107,105,114,104,105,21622
9, Cubs,Wrigley Field,2009-2011,102,102,103,104,103,102,104,96,118,98,105,99,21355
10, Blue Jays,Rogers Centre,2009-2011,102,104,101,104,100,101,95,108,124,116,98,103,22058
11, Orioles,Oriole Park at Camden Yards,2009-2011,102,102,101,104,101,104,104,100,67,115,95,96,21028
12, White Sox,Guaranteed Rate Field,2009-2011,101,102,99,102,100,97,93,98,70,123,112,105,20330
13, Phillies,Citizens Bank Park,2009-2011,100,100,100,100,100,99,97,102,90,106,104,102,22439
14, Tigers,Comerica Park,2009-2011,100,98,99,100,100,102,104,97,141,94,93,91,21106
15, Astros,Minute Maid Park,2009-2011,100,102,101,100,100,100,98,101,106,108,100,104,20702
16, Marlins,Hard Rock Stadium,2009-2011,100,102,103,100,102,98,97,105,93,92,111,111,20520
17, Nationals,Nationals Park,2009-2011,99,98,98,98,98,101,102,100,94,100,90,94,21391
18, Pirates,PNC Park,2009-2011,98,96,97,96,99,100,103,102,88,87,94,89,20801
19, Braves,Turner Field,2009-2011,98,99,101,96,99,99,102,92,91,90,98,107,21156
20, Indians,Progressive Field,2009-2011,98,98,99,96,98,100,101,106,69,90,95,99,20117
21, Mets,Citi Field,2009-2011,97,96,97,94,98,96,98,96,122,83,99,100,20244
22, Giants,Oracle Park,2009-2011,97,98,99,94,98,99,101,99,106,82,95,103,20860
23, Angels,Angel Stadium,2009-2011,97,96,97,94,98,97,101,86,67,97,98,101,21240
24, Cardinals,Busch Stadium,2009-2011,96,94,97,92,99,97,102,95,83,78,101,96,21878
25, Dodgers,Dodger Stadium,2009-2011,96,96,97,92,97,98,100,99,58,90,96,101,21681
26, Rays,Tropicana Field,2009-2011,96,96,96,92,96,96,97,91,117,97,95,102,20595
27, Athletics,Oakland Coliseum,2009-2011,95,96,97,90,97,97,100,94,106,83,97,103,20893
28, Mariners,T-Mobile Park,2009-2011,92,92,94,85,94,92,95,87,64,84,103,109,21097
29, Padres,Petco Park,2009-2011,90,89,90,81,93,87,89,78,110,80,114,111,21829
1, Rockies,Coors Field,2008-2010,109,109,107,119,106,112,109,111,167,119,95,91,20521
2, Rangers,Globe Life Park in Arlington,2008-2010,106,106,104,112,105,105,101,106,137,117,104,93,20554
3, Red Sox,Fenway Park,2008-2010,106,106,105,112,105,106,99,139,84,95,102,96,21223
4, D-backs,Chase Field,2008-2010,105,106,105,110,104,106,101,116,156,106,96,97,21414
5, Cubs,Wrigley Field,2008-2010,104,104,104,108,104,104,105,101,96,106,101,99,21073
6, White Sox,Guaranteed Rate Field,2008-2010,103,103,100,106,102,98,94,99,64,130,111,102,20548
7, Reds,Great American Ball Park,2008-2010,102,103,101,104,100,101,99,101,109,117,100,100,20328
8, Royals,Kauffman Stadium,2008-2010,102,101,103,104,103,105,107,109,152,82,97,92,19727
9, Orioles,Oriole Park at Camden Yards,2008-2010,102,103,102,104,100,104,107,94,58,123,91,100,20256
10, Phillies,Citizens Bank Park,2008-2010,101,101,100,102,100,100,98,101,82,110,101,101,21938
11, Tigers,Comerica Park,2008-2010,101,100,100,102,100,103,104,96,122,104,93,94,19588
12, Giants,Oracle Park,2008-2010,100,100,100,100,100,100,100,101,121,94,99,98,21045
13, Astros,Minute Maid Park,2008-2010,100,102,101,100,99,100,98,99,104,111,97,104,19516
14, Blue Jays,Rogers Centre,2008-2010,100,101,99,100,99,97,93,101,137,109,102,106,19969
15, Angels,Angel Stadium,2008-2010,100,99,99,100,100,101,106,89,80,102,95,94,20815
16, Brewers,American Family Field,2008-2010,99,101,100,98,99,98,97,97,99,106,103,106,20668
17, Pirates,PNC Park,2008-2010,99,96,97,98,99,101,101,105,92,88,96,88,21595
18, Braves,Turner Field,2008-2010,99,100,101,98,100,98,101,94,110,91,102,105,20954
19, Cardinals,Busch Stadium,2008-2010,98,97,99,96,100,100,104,95,97,83,100,96,20478
20, Marlins,Hard Rock Stadium,2008-2010,98,101,101,96,100,96,96,102,95,87,106,114,19448
21, Indians,Progressive Field,2008-2010,98,97,99,96,100,100,102,105,68,84,101,97,20446
22, Nationals,Nationals Park,2008-2010,97,96,97,94,98,98,99,97,103,94,97,96,20545
23, Rays,Tropicana Field,2008-2010,97,97,97,94,98,97,99,90,122,95,100,103,19511
24, Athletics,Oakland Coliseum,2008-2010,95,95,96,90,96,96,99,95,87,84,98,103,20394
25, Mariners,T-Mobile Park,2008-2010,94,94,96,88,96,95,99,89,73,85,103,107,20979
26, Dodgers,Dodger Stadium,2008-2010,93,94,95,86,94,96,99,94,49,92,91,105,21628
27, Padres,Petco Park,2008-2010,90,89,91,81,93,87,92,75,95,78,115,112,20907
1, Rockies,Coors Field,2007-2009,106,105,104,112,104,108,104,110,162,113,97,90,21403
2, Cubs,Wrigley Field,2007-2009,105,105,105,110,104,104,102,109,80,110,103,99,20501
3, Rangers,Globe Life Park in Arlington,2007-2009,105,106,104,110,103,104,101,102,152,114,102,100,19901
4, Red Sox,Fenway Park,2007-2009,105,106,105,110,105,107,100,138,106,91,101,95,21075
5, D-backs,Chase Field,2007-2009,104,102,101,108,103,103,99,115,145,101,102,94,20807
6, Orioles,Oriole Park at Camden Yards,2007-2009,103,103,103,106,102,106,109,94,73,120,96,94,20057
7, Angels,Angel Stadium,2007-2009,103,102,103,106,103,105,106,103,79,101,96,93,19856
8, Phillies,Citizens Bank Park,2007-2009,102,103,101,104,101,100,97,98,79,118,102,103,20829
9, Reds,Great American Ball Park,2007-2009,102,103,100,104,100,100,95,102,101,126,101,100,20461
10, Royals,Kauffman Stadium,2007-2009,102,100,101,104,103,105,105,116,118,81,101,91,20869
11, White Sox,Guaranteed Rate Field,2007-2009,102,101,99,104,100,98,96,95,58,123,105,100,20767
12, Tigers,Comerica Park,2007-2009,101,100,99,102,100,100,99,96,129,111,98,95,20734
13, Astros,Minute Maid Park,2007-2009,101,104,102,102,100,102,101,98,104,113,98,105,20841
14, Giants,Oracle Park,2007-2009,100,100,100,100,100,102,101,106,136,90,93,95,19674
15, Marlins,Hard Rock Stadium,2007-2009,100,103,103,100,101,99,99,103,118,92,103,110,18818
16, Indians,Progressive Field,2007-2009,100,99,101,100,101,101,105,98,59,90,106,100,21123
17, Brewers,American Family Field,2007-2009,99,100,99,98,98,96,94,98,94,106,107,108,20387
18, Braves,Turner Field,2007-2009,99,98,100,98,100,97,100,90,104,92,108,103,20394
19, Rays,Tropicana Field,2007-2009,99,98,98,98,99,98,100,92,110,97,101,101,20538
20, Mariners,T-Mobile Park,2007-2009,98,99,100,96,100,99,102,93,60,97,104,106,20854
21, Pirates,PNC Park,2007-2009,98,96,98,96,99,101,105,104,72,85,93,90,20352
22, Blue Jays,Rogers Centre,2007-2009,98,99,97,96,97,94,88,104,168,102,103,112,18930
23, Cardinals,Busch Stadium,2007-2009,97,96,99,94,99,101,107,93,99,77,94,93,20409
24, Twins,Hubert H. Humphrey Metrodome,2007-2009,96,96,96,92,96,97,98,96,115,93,94,102,20641
25, Dodgers,Dodger Stadium,2007-2009,95,97,98,90,96,97,100,90,57,95,94,109,21385
26, Athletics,Oakland Coliseum,2007-2009,94,92,94,88,96,95,98,91,89,83,99,95,21533
27, Padres,Petco Park,2007-2009,90,89,91,81,93,88,94,76,93,74,108,112,20704
1, Cubs,Wrigley Field,2006-2008,106,108,106,112,104,104,100,110,100,121,98,104,21071
2, Rockies,Coors Field,2006-2008,105,104,104,110,104,108,106,106,138,110,95,90,21404
3, D-backs,Chase Field,2006-2008,104,104,102,108,103,104,99,110,169,107,101,95,21818
4, Phillies,Citizens Bank Park,2006-2008,103,104,102,106,101,101,99,101,79,117,100,102,21631
5, Reds,Great American Ball Park,2006-2008,103,104,101,106,100,100,95,100,73,131,101,104,20888
6, Rangers,Globe Life Park in Arlington,2006-2008,103,104,103,106,102,103,100,106,127,106,101,101,21905
7, Red Sox,Fenway Park,2006-2008,103,103,104,106,104,106,102,139,96,78,101,96,22043
8, Astros,Minute Maid Park,2006-2008,102,104,102,104,100,101,97,104,110,119,97,105,22249
9, White Sox,Guaranteed Rate Field,2006-2008,102,102,100,104,101,99,98,89,58,124,104,100,20729
10, Orioles,Oriole Park at Camden Yards,2006-2008,102,102,101,104,101,104,107,89,71,121,96,92,20921
11, Marlins,Hard Rock Stadium,2006-2008,101,102,102,102,102,99,97,106,146,90,110,108,19661
12, Braves,Turner Field,2006-2008,101,102,102,102,102,100,103,94,91,101,103,103,20717
13, Royals,Kauffman Stadium,2006-2008,101,100,101,102,102,103,102,116,94,86,101,92,21695
14, Angels,Angel Stadium,2006-2008,101,101,103,102,102,104,107,107,83,88,93,97,20256
15, Tigers,Comerica Park,2006-2008,100,100,99,100,99,101,102,91,139,106,95,94,20963
16, Dodgers,Dodger Stadium,2006-2008,100,101,101,100,101,99,102,91,59,105,106,108,21839
17, Blue Jays,Rogers Centre,2006-2008,100,101,99,100,98,97,92,103,161,109,102,109,20882
18, Yankees,Yankee Stadium,2006-2008,100,99,99,100,100,100,101,97,67,106,98,97,21320
19, Indians,Progressive Field,2006-2008,100,100,101,100,102,100,103,100,68,91,107,102,21073
20, Giants,Oracle Park,2006-2008,99,98,100,98,99,101,101,108,135,79,96,95,19982
21, Brewers,American Family Field,2006-2008,99,100,99,98,99,96,95,96,98,103,110,108,21497
22, Mariners,T-Mobile Park,2006-2008,98,98,98,96,99,97,98,94,82,94,109,108,21068
23, Pirates,PNC Park,2006-2008,98,97,99,96,100,103,105,108,83,80,94,92,20692
24, Rays,Tropicana Field,2006-2008,98,97,96,96,99,96,97,88,117,102,105,97,21395
25, Cardinals,Busch Stadium,2006-2008,97,96,98,94,99,100,105,92,99,86,97,94,22065
26, Athletics,Oakland Coliseum,2006-2008,95,93,94,90,96,96,98,93,89,88,97,93,21845
27, Twins,Hubert H. Humphrey Metrodome,2006-2008,95,96,97,90,96,98,99,98,124,87,90,103,20893
28, Mets,Shea Stadium,2006-2008,94,93,94,88,95,93,93,95,72,92,99,102,21266
29, Padres,Petco Park,2006-2008,91,91,93,83,93,92,98,78,112,80,99,107,21505
1, Rockies,Coors Field,2005-2007,108,107,107,117,107,111,111,109,137,109,97,88,22050
2, Phillies,Citizens Bank Park,2005-2007,106,106,104,112,103,104,100,104,96,128,99,98,22256
3, D-backs,Chase Field,2005-2007,106,105,103,112,104,105,101,107,183,113,105,93,22833
4, Reds,Great American Ball Park,2005-2007,105,106,103,110,102,102,96,105,54,138,103,103,21477
5, Cubs,Wrigley Field,2005-2007,103,105,104,106,102,103,99,110,111,111,97,103,21322
6, Rangers,Globe Life Park in Arlington,2005-2007,103,104,103,106,102,104,101,104,118,112,97,99,23143
7, Blue Jays,Rogers Centre,2005-2007,102,103,101,104,99,101,96,105,112,119,92,104,21493
8, Royals,Kauffman Stadium,2005-2007,102,100,101,104,103,104,103,117,104,84,102,90,21602
9, White Sox,Guaranteed Rate Field,2005-2007,102,102,100,104,101,101,100,91,66,125,101,97,21020
10, Red Sox,Fenway Park,2005-2007,102,102,103,104,102,103,100,129,101,80,97,97,23588
11, Dodgers,Dodger Stadium,2005-2007,101,101,101,102,102,99,101,94,54,107,110,106,22634
12, Yankees,Yankee Stadium,2005-2007,101,102,102,102,101,102,103,97,73,110,96,99,21885
13, Orioles,Oriole Park at Camden Yards,2005-2007,101,99,99,102,101,101,104,88,82,112,103,89,21577
14, Pirates,PNC Park,2005-2007,100,99,101,100,100,104,106,109,93,82,93,96,20933
15, Braves,Turner Field,2005-2007,100,101,102,100,101,101,104,95,100,97,99,101,20931
16, Tigers,Comerica Park,2005-2007,99,98,98,98,99,99,102,89,157,93,99,95,20826
17, Astros,Minute Maid Park,2005-2007,99,101,99,98,98,99,99,92,101,115,95,103,20142
18, Brewers,American Family Field,2005-2007,99,99,98,98,98,95,92,100,84,105,110,107,20894
19, Marlins,Hard Rock Stadium,2005-2007,99,100,101,98,101,97,96,101,135,84,115,112,21581
20, Rays,Tropicana Field,2005-2007,99,98,98,98,99,98,98,90,127,103,102,99,20984
21, Angels,Angel Stadium,2005-2007,99,99,100,98,100,101,103,105,80,87,100,98,20366
22, Giants,Oracle Park,2005-2007,98,97,99,96,98,101,103,104,123,78,93,94,20932
23, Indians,Progressive Field,2005-2007,98,99,100,96,99,99,100,99,60,96,102,104,21580
24, Mariners,T-Mobile Park,2005-2007,97,97,98,94,99,96,100,93,59,89,110,109,21645
25, Mets,Shea Stadium,2005-2007,96,96,97,92,97,96,98,97,69,92,96,101,22969
26, Athletics,Oakland Coliseum,2005-2007,96,93,94,92,97,96,98,97,97,86,98,91,21112
27, Twins,Hubert H. Humphrey Metrodome,2005-2007,95,96,97,90,95,97,99,93,119,86,89,107,19623
28, Nationals,Robert F. Kennedy Memorial Stadium,2005-2007,93,91,93,86,95,93,95,97,99,75,97,101,22491
29, Padres,Petco Park,2005-2007,92,92,93,85,93,92,96,79,128,83,99,108,23082
1, Rockies,Coors Field,2004-2006,112,112,111,125,111,113,113,110,143,117,106,89,21592
2, D-backs,Chase Field,2004-2006,105,106,103,110,103,106,101,109,154,120,100,94,22987
3, White Sox,Guaranteed Rate Field,2004-2006,105,105,102,110,103,103,100,95,76,132,103,98,22309
4, Rangers,Globe Life Park in Arlington,2004-2006,104,104,103,108,103,104,102,107,130,110,98,95,21775
5, Phillies,Citizens Bank Park,2004-2006,103,103,102,106,101,102,99,100,109,115,97,99,21494
6, Red Sox,Fenway Park,2004-2006,103,103,105,106,103,104,101,129,93,83,99,98,24098
7, Cubs,Wrigley Field,2004-2006,102,104,101,104,100,101,97,103,102,120,96,102,20813
8, Blue Jays,Rogers Centre,2004-2006,102,103,101,104,101,102,99,101,118,113,96,100,21156
9, Reds,Great American Ball Park,2004-2006,101,102,100,102,99,100,97,101,49,125,98,101,21260
10, Giants,Oracle Park,2004-2006,100,99,100,100,101,101,103,104,140,82,99,94,21049
11, Astros,Minute Maid Park,2004-2006,100,101,99,100,98,99,99,91,129,113,94,102,18820
12, Dodgers,Dodger Stadium,2004-2006,100,100,99,100,100,99,100,92,51,113,102,103,23555
13, Braves,Turner Field,2004-2006,100,101,102,100,100,101,103,98,85,99,98,105,20913
14, Yankees,Yankee Stadium,2004-2006,100,101,100,100,100,101,102,95,72,109,96,100,23229
15, Royals,Kauffman Stadium,2004-2006,100,98,100,100,102,102,103,109,110,80,104,91,21526
16, Orioles,Oriole Park at Camden Yards,2004-2006,100,98,98,100,101,100,103,89,67,108,100,90,20943
17, Pirates,PNC Park,2004-2006,99,98,100,98,100,102,103,112,98,80,93,95,20135
18, Brewers,American Family Field,2004-2006,98,99,98,96,97,94,89,103,123,104,107,109,19776
19, Rays,Tropicana Field,2004-2006,98,98,97,96,99,96,96,90,125,99,104,102,21566
20, Tigers,Comerica Park,2004-2006,97,96,98,94,98,99,105,85,156,84,95,95,20831
21, Marlins,Hard Rock Stadium,2004-2006,97,98,99,94,99,95,97,96,121,83,114,112,20997
22, Athletics,Oakland Coliseum,2004-2006,97,96,97,94,98,99,100,102,85,93,94,93,22022
23, Indians,Progressive Field,2004-2006,97,97,98,94,99,97,97,108,62,85,105,102,20895
24, Angels,Angel Stadium,2004-2006,97,97,98,94,98,99,102,95,74,91,97,99,21030
25, Mets,Shea Stadium,2004-2006,96,96,98,92,98,97,100,99,54,86,95,99,22774
26, Twins,Hubert H. Humphrey Metrodome,2004-2006,96,98,99,92,97,99,102,95,99,91,88,108,19931
27, Mariners,T-Mobile Park,2004-2006,94,94,95,88,96,92,92,97,61,86,109,112,20629
28, Padres,Petco Park,2004-2006,93,93,94,86,94,94,97,84,147,83,100,106,22502
1, Rockies,Coors Field,2003-2005,111,110,110,123,110,112,111,111,191,112,105,90,21707
2, Rangers,Globe Life Park in Arlington,2003-2005,106,106,103,112,103,105,101,107,149,119,99,96,21925
3, D-backs,Chase Field,2003-2005,105,105,103,110,103,106,100,113,170,113,101,96,21981
4, Red Sox,Fenway Park,2003-2005,105,104,105,110,105,106,102,127,120,89,101,95,23706
5, Blue Jays,Rogers Centre,2003-2005,104,105,104,108,104,103,101,107,104,112,105,100,21682
6, White Sox,Guaranteed Rate Field,2003-2005,103,104,101,106,100,102,98,96,90,134,96,100,22044
7, Cubs,Wrigley Field,2003-2005,102,102,101,104,101,100,98,101,84,113,103,102,22666
8, Reds,Great American Ball Park,2003-2005,101,102,99,102,98,99,95,107,48,122,96,102,20520
9, Yankees,Yankee Stadium,2003-2005,101,102,102,102,101,102,105,93,85,105,95,99,25868
10, Giants,Oracle Park,2003-2005,100,99,101,100,101,102,104,100,169,84,98,96,20292
11, Cardinals,Busch Stadium,2003-2005,100,99,100,100,100,101,103,103,80,94,98,98,22473
12, Braves,Turner Field,2003-2005,100,100,101,100,101,100,101,99,98,97,103,101,20723
13, Twins,Hubert H. Humphrey Metrodome,2003-2005,100,102,103,100,100,102,103,100,96,96,94,109,20690
14, Astros,Minute Maid Park,2003-2005,99,100,99,98,98,99,98,91,141,108,97,100,20789
15, Pirates,PNC Park,2003-2005,99,99,100,98,101,101,102,112,92,82,97,96,20463
16, Royals,Kauffman Stadium,2003-2005,99,97,98,98,101,101,104,103,106,81,101,88,20719
17, Brewers,American Family Field,2003-2005,98,99,97,96,97,95,90,100,104,113,103,107,20821
18, Mets,Shea Stadium,2003-2005,98,99,101,96,100,101,105,104,52,86,94,100,20579
19, Orioles,Oriole Park at Camden Yards,2003-2005,98,96,97,96,99,98,100,93,65,97,104,93,21394
20, Tigers,Comerica Park,2003-2005,97,96,97,94,97,99,104,84,162,88,94,96,20217
21, Rays,Tropicana Field,2003-2005,97,96,97,94,98,95,98,91,118,87,103,103,21731
22, Athletics,Oakland Coliseum,2003-2005,97,96,96,94,97,97,97,102,62,99,97,95,22697
23, Marlins,Hard Rock Stadium,2003-2005,96,97,98,92,98,94,97,91,128,81,110,113,20296
24, Angels,Angel Stadium,2003-2005,96,96,97,92,97,98,100,97,80,89,95,99,21552
25, Mariners,T-Mobile Park,2003-2005,95,95,96,90,97,93,94,90,70,92,110,109,20916
26, Indians,Progressive Field,2003-2005,95,95,97,90,97,95,95,105,57,82,105,105,20727
27, Dodgers,Dodger Stadium,2003-2005,94,95,95,88,94,93,95,81,46,112,93,109,21345
1, Rockies,Coors Field,2002-2004,113,113,111,128,111,114,109,116,182,127,104,90,22484
2, Rangers,Globe Life Park in Arlington,2002-2004,106,107,105,112,104,106,102,108,117,118,102,97,23386
3, D-backs,Chase Field,2002-2004,105,105,104,110,104,104,99,112,168,108,107,99,20754
4, Blue Jays,Rogers Centre,2002-2004,105,105,104,110,104,104,100,112,102,108,105,97,22821
5, Red Sox,Fenway Park,2002-2004,104,104,105,108,104,106,103,125,92,88,98,97,23745
6, Expos,Olympic Stadium,2002-2004,103,103,101,106,101,102,94,124,115,105,100,99,18785
7, Royals,Kauffman Stadium,2002-2004,103,100,101,106,103,105,106,105,108,99,99,83,21380
8, White Sox,Guaranteed Rate Field,2002-2004,103,103,100,106,101,100,97,97,78,129,101,100,21546
9, Cubs,Wrigley Field,2002-2004,102,104,101,104,101,99,95,98,89,126,104,104,22110
10, Astros,Minute Maid Park,2002-2004,101,102,101,102,100,102,103,96,126,105,97,100,19996
11, Giants,Oracle Park,2002-2004,100,98,101,100,101,102,107,96,174,78,98,93,22258
12, Pirates,PNC Park,2002-2004,100,99,100,100,100,101,101,110,78,91,95,95,20025
13, Brewers,American Family Field,2002-2004,99,100,98,98,98,97,92,103,92,111,102,104,20703
14, Athletics,Oakland Coliseum,2002-2004,99,98,98,98,98,98,96,104,63,107,100,99,22002
15, Yankees,Yankee Stadium,2002-2004,99,99,99,98,98,99,101,93,76,105,93,102,25031
16, Twins,Hubert H. Humphrey Metrodome,2002-2004,99,100,101,98,100,101,103,102,115,88,99,106,21485
17, Orioles,Oriole Park at Camden Yards,2002-2004,99,98,98,98,99,99,101,93,60,107,99,94,21310
18, Braves,Turner Field,2002-2004,98,98,98,96,99,97,97,93,93,100,104,103,22512
19, Rays,Tropicana Field,2002-2004,97,97,97,94,98,96,97,96,119,89,99,101,22232
20, Indians,Progressive Field,2002-2004,97,98,99,94,99,96,96,106,64,86,104,107,21150
21, Angels,Angel Stadium,2002-2004,97,97,99,94,98,100,103,99,75,90,95,99,20952
22, Cardinals,Busch Stadium,2002-2004,96,96,97,92,97,97,99,101,61,92,97,104,21434
23, Mets,Shea Stadium,2002-2004,96,97,98,92,98,98,101,97,62,88,97,103,20581
24, Marlins,Hard Rock Stadium,2002-2004,96,97,98,92,98,95,96,95,154,80,111,110,21094
25, Mariners,T-Mobile Park,2002-2004,95,95,96,90,97,92,95,85,82,90,113,108,20801
26, Tigers,Comerica Park,2002-2004,95,94,96,90,97,99,105,82,169,81,92,93,21088
27, Dodgers,Dodger Stadium,2002-2004,93,94,94,86,93,93,98,74,49,109,92,108,19896
1, Rockies,Coors Field,2001-2003,115,116,113,132,111,117,111,115,166,141,99,90,23375
2, D-backs,Chase Field,2001-2003,107,107,105,114,105,106,101,115,153,114,105,97,20734
3, Rangers,Globe Life Park in Arlington,2001-2003,106,106,105,112,104,106,103,110,126,115,99,95,24303
4, Royals,Kauffman Stadium,2001-2003,106,104,103,112,105,108,109,106,97,112,99,82,21122
5, Blue Jays,Rogers Centre,2001-2003,105,106,105,110,104,104,100,118,102,109,103,99,22500
6, Expos,Olympic Stadium,2001-2003,104,104,103,108,102,104,99,122,89,108,95,98,20066
7, Astros,Minute Maid Park,2001-2003,103,104,103,106,101,104,104,101,110,112,97,100,20289
8, Brewers,American Family Field,2001-2003,102,102,99,104,100,99,95,100,91,125,101,100,21642
9, Red Sox,Fenway Park,2001-2003,102,103,104,104,102,105,103,117,104,90,95,99,23610
10, White Sox,Guaranteed Rate Field,2001-2003,101,101,99,102,100,99,96,95,79,121,102,99,21710
11, Cubs,Wrigley Field,2001-2003,100,101,100,100,100,97,97,96,78,106,108,108,22653
12, Twins,Hubert H. Humphrey Metrodome,2001-2003,100,101,102,100,101,102,101,110,131,88,100,105,20590
13, Pirates,PNC Park,2001-2003,99,98,100,98,100,101,103,106,71,89,91,93,21137
14, Rays,Tropicana Field,2001-2003,99,100,100,98,100,100,100,106,128,86,96,102,21287
15, Yankees,Yankee Stadium,2001-2003,99,99,98,98,98,98,98,92,76,110,96,100,23554
16, Indians,Progressive Field,2001-2003,99,100,101,98,100,99,100,101,62,100,101,105,22484
17, Angels,Angel Stadium,2001-2003,99,98,100,98,100,102,104,103,79,89,99,96,20482
18, Cardinals,Busch Stadium,2001-2003,98,97,98,96,99,98,99,98,63,95,101,99,20849
19, Braves,Turner Field,2001-2003,98,97,98,96,99,97,100,93,84,93,102,98,23007
20, Athletics,Oakland Coliseum,2001-2003,98,98,97,96,98,97,95,101,72,102,100,101,22168
21, Orioles,Oriole Park at Camden Yards,2001-2003,97,96,96,94,98,97,101,87,58,104,101,96,20708
22, Giants,Oracle Park,2001-2003,96,94,98,92,99,99,104,98,169,69,98,94,23098
23, Tigers,Comerica Park,2001-2003,96,94,96,92,97,98,104,84,180,75,97,91,21355
24, Marlins,Hard Rock Stadium,2001-2003,96,97,98,92,98,95,96,95,153,77,108,111,22176
25, Phillies,Veterans Stadium,2001-2003,95,95,95,90,96,92,90,97,98,93,106,111,21231
26, Mets,Shea Stadium,2001-2003,95,96,97,90,96,95,98,94,74,88,96,108,23072
27, Mariners,T-Mobile Park,2001-2003,94,93,94,88,95,94,98,84,81,87,104,104,20853
28, Padres,Qualcomm Stadium,2001-2003,94,94,96,88,96,94,100,81,113,83,101,108,21552
29, Dodgers,Dodger Stadium,2001-2003,93,93,93,86,93,91,93,82,55,104,97,108,21386
1, Rockies,Coors Field,2000-2002,120,122,118,144,115,122,115,121,162,153,101,90,23838
2, Royals,Kauffman Stadium,2000-2002,106,105,105,112,104,110,111,105,109,114,92,85,21363
3, D-backs,Chase Field,2000-2002,105,105,104,110,104,105,105,104,158,104,99,96,20562
4, Astros,Minute Maid Park,2000-2002,104,106,104,108,101,104,100,106,122,114,96,104,20168
5, Reds,Cinergy Field,2000-2002,104,102,101,108,103,102,99,112,63,109,110,95,21029
6, Rangers,Globe Life Park in Arlington,2000-2002,104,103,102,108,103,104,99,109,112,114,99,93,23544
7, Blue Jays,Rogers Centre,2000-2002,103,103,102,106,102,102,97,116,81,106,102,98,21893
8, Indians,Progressive Field,2000-2002,103,103,103,106,102,103,103,102,69,114,98,101,22977
9, White Sox,Guaranteed Rate Field,2000-2002,103,102,100,106,102,100,98,94,92,121,107,97,20865
10, Expos,Olympic Stadium,2000-2002,101,102,102,102,101,103,100,111,77,106,93,99,20928
11, Braves,Turner Field,2000-2002,101,100,101,102,102,101,103,99,82,93,99,97,21038
12, Twins,Hubert H. Humphrey Metrodome,2000-2002,101,102,102,102,101,102,100,113,142,88,100,103,19794
13, Rays,Tropicana Field,2000-2002,100,100,100,100,100,100,99,109,130,92,96,100,20830
14, Yankees,Yankee Stadium,2000-2002,100,99,98,100,99,99,97,96,72,114,98,100,23704
15, Red Sox,Fenway Park,2000-2002,100,101,103,100,100,103,104,111,95,85,93,103,22437
16, Angels,Angel Stadium,2000-2002,100,99,100,100,101,102,105,100,66,97,99,95,21394
17, Cardinals,Busch Stadium,2000-2002,99,99,98,98,100,96,95,95,89,105,110,103,20041
18, Athletics,Oakland Coliseum,2000-2002,98,98,98,96,98,96,96,95,92,101,102,101,22445
19, Tigers,Comerica Park,2000-2002,97,94,97,94,100,100,107,91,175,68,98,86,21947
20, Phillies,Veterans Stadium,2000-2002,97,97,96,94,97,93,87,112,117,91,109,110,21286
21, Orioles,Oriole Park at Camden Yards,2000-2002,97,96,97,94,98,96,101,81,71,102,104,98,21335
22, Marlins,Hard Rock Stadium,2000-2002,96,97,98,92,98,95,96,98,132,80,105,111,20012
23, Cubs,Wrigley Field,2000-2002,95,96,95,90,96,93,94,86,67,102,104,110,21280
24, Giants,Oracle Park,2000-2002,94,91,94,88,96,96,100,96,145,70,96,94,20773
25, Padres,Qualcomm Stadium,2000-2002,93,94,96,86,95,93,99,78,97,87,98,109,22238
26, Mets,Shea Stadium,2000-2002,93,94,96,86,94,94,97,89,76,87,95,110,23904
27, Dodgers,Dodger Stadium,2000-2002,93,93,93,86,94,91,94,82,66,98,101,106,21118
28, Mariners,T-Mobile Park,2000-2002,92,91,93,85,95,91,96,87,63,79,106,108,21905
1, Rockies,Coors Field,1999-2001,121,122,118,146,116,122,117,119,167,152,105,86,23016
2, Rangers,Globe Life Park in Arlington,1999-2001,105,104,103,110,103,105,103,108,134,107,99,91,22930
3, Indians,Progressive Field,1999-2001,104,105,104,108,103,105,105,100,91,116,100,99,20878
4, Royals,Kauffman Stadium,1999-2001,104,104,104,108,103,109,112,98,135,106,89,89,20431
5, Twins,Hubert H. Humphrey Metrodome,1999-2001,103,104,104,106,102,104,100,121,136,92,97,103,18091
6, Blue Jays,Rogers Centre,1999-2001,102,102,101,104,102,101,97,115,71,102,103,99,20984
7, White Sox,Guaranteed Rate Field,1999-2001,101,100,99,102,100,99,98,92,95,115,103,97,19111
8, Rays,Tropicana Field,1999-2001,101,101,101,102,101,101,98,113,141,94,101,99,21280
9, D-backs,Chase Field,1999-2001,101,101,100,102,100,102,101,99,158,103,94,95,20262
10, Reds,Cinergy Field,1999-2001,101,100,99,102,100,99,96,106,70,109,106,97,19351
11, Expos,Olympic Stadium,1999-2001,101,102,102,102,101,103,101,115,89,97,95,99,18764
12, Angels,Angel Stadium,1999-2001,100,99,100,100,100,101,103,97,67,105,99,95,20123
13, Red Sox,Fenway Park,1999-2001,100,101,104,100,101,104,107,107,101,83,92,101,21516
14, Yankees,Yankee Stadium,1999-2001,99,98,97,98,99,97,97,96,77,106,102,98,22134
15, Cubs,Wrigley Field,1999-2001,99,99,99,98,100,98,99,94,78,99,105,104,20069
16, Phillies,Veterans Stadium,1999-2001,99,100,98,98,99,96,90,116,134,91,111,109,19859
17, Cardinals,Busch Stadium,1999-2001,99,98,98,98,99,97,97,93,90,102,107,103,20000
18, Orioles,Oriole Park at Camden Yards,1999-2001,98,97,98,96,100,97,102,80,87,98,107,99,21188
19, Braves,Turner Field,1999-2001,98,98,100,96,99,99,101,99,71,91,97,99,20661
20, Athletics,Oakland Coliseum,1999-2001,96,95,95,92,96,94,94,95,76,96,99,99,21600
21, Dodgers,Dodger Stadium,1999-2001,96,95,96,92,96,96,99,83,67,100,98,102,19033
22, Marlins,Hard Rock Stadium,1999-2001,95,96,97,90,97,93,94,95,134,82,105,111,18949
23, Mets,Shea Stadium,1999-2001,95,96,97,90,96,93,95,92,88,89,99,110,22606
24, Padres,Qualcomm Stadium,1999-2001,95,96,97,90,96,94,98,81,97,91,100,109,20992
25, Mariners,T-Mobile Park,1999-2001,91,90,91,83,93,90,94,86,58,84,101,107,19288
